frame,time,motion
0,0.000,0.0000
1,0.017,0.0063
2,0.033,0.0042
3,0.050,0.0054
4,0.067,0.0052
5,0.083,0.0071
6,0.100,0.0060
7,0.117,0.0054
8,0.133,0.0066
9,0.150,0.0082
10,0.167,0.0062
11,0.183,0.0063
12,0.200,0.0063
13,0.217,0.0068
14,0.233,0.0053
15,0.250,0.0059
16,0.267,0.0054
17,0.283,0.0070
18,0.300,0.0069
19,0.317,0.0066
20,0.333,0.0097
21,0.350,0.0136
22,0.367,0.0192
23,0.383,0.0215
24,0.400,0.0173
25,0.417,0.0188
26,0.433,0.0183
27,0.450,0.0242
28,0.467,0.0201
29,0.483,0.0285
30,0.500,0.0276
31,0.517,0.0824
32,0.533,0.0415
33,0.550,0.0462
34,0.567,0.0566
35,0.583,0.0803
36,0.600,0.0488
37,0.617,0.0551
38,0.633,0.0874
39,0.650,0.0731
40,0.667,0.0599
41,0.683,0.0956
42,0.700,0.0602
43,0.717,0.0751
44,0.733,0.0618
45,0.750,0.0989
46,0.767,0.0784
47,0.783,0.0625
48,0.800,0.0636
49,0.817,0.0805
50,0.833,0.1070
51,0.850,0.0672
52,0.867,0.0684
53,0.883,0.0938
54,0.900,0.0820
55,0.917,0.0859
56,0.933,0.0910
57,0.950,0.0400
58,0.967,0.1101
59,0.983,0.1513
60,1.000,0.0633
61,1.017,0.1224
62,1.033,0.1143
63,1.050,0.0876
64,1.067,0.0758
65,1.083,0.1551
66,1.100,0.0872
67,1.117,0.0802
68,1.133,0.0991
69,1.150,0.0866
70,1.167,0.1091
71,1.183,0.0877
72,1.200,0.1232
73,1.217,0.0916
74,1.233,0.0978
75,1.250,0.0988
76,1.267,0.0969
77,1.283,0.1147
78,1.300,0.0950
79,1.317,0.0944
80,1.333,0.1092
81,1.350,0.1021
82,1.367,0.0971
83,1.383,0.0914
84,1.400,0.1060
85,1.417,0.0928
86,1.433,0.0863
87,1.450,0.0867
88,1.467,0.0932
89,1.483,0.0804
90,1.500,0.0717
91,1.517,0.0724
92,1.533,0.0515
93,1.550,0.0762
94,1.567,0.0558
95,1.583,0.0384
96,1.600,0.0327
97,1.617,0.0320
98,1.633,0.0323
99,1.650,0.0344
100,1.667,0.0166
101,1.683,0.0084
102,1.700,0.0079
103,1.717,0.0070
104,1.733,0.0065
105,1.750,0.0074
106,1.767,0.0048
107,1.783,0.0057
108,1.800,0.0036
109,1.817,0.0035
110,1.833,0.0028
111,1.850,0.0046
112,1.867,0.0048
113,1.883,0.0033
114,1.900,0.0031
115,1.917,0.0054
116,1.933,0.0037
117,1.950,0.0041
118,1.967,0.0033
119,1.983,0.0040
120,2.000,0.0034
121,2.017,0.0041
122,2.033,0.0034
123,2.050,0.0037
124,2.067,0.0038
125,2.083,0.0056
126,2.100,0.0041
127,2.117,0.0030
128,2.133,0.0033
129,2.150,0.0046
130,2.167,0.0035
131,2.183,0.0037
132,2.200,0.0040
133,2.217,0.0037
134,2.233,0.0046
135,2.250,0.0042
136,2.267,0.0043
137,2.283,0.0032
138,2.300,0.0044
139,2.317,0.0041
140,2.333,0.0036
141,2.350,0.0049
142,2.367,0.0041
143,2.383,0.0038
144,2.400,0.0035
145,2.417,0.0040
146,2.433,0.0045
147,2.450,0.0040
148,2.467,0.0038
149,2.483,0.0040
150,2.500,0.0040
151,2.517,0.0043
152,2.533,0.0023
153,2.550,0.0039
154,2.567,0.0034
155,2.583,0.0025
156,2.600,0.0039
157,2.617,0.0035
158,2.633,0.0037
159,2.650,0.0038
160,2.667,0.0035
161,2.683,0.0027
162,2.700,0.0038
163,2.717,0.0038
164,2.733,0.0041
165,2.750,0.0031
166,2.767,0.0035
167,2.783,0.0032
168,2.800,0.0026
169,2.817,0.0039
170,2.833,0.0042
171,2.850,0.0041
172,2.867,0.0034
173,2.883,0.0027
174,2.900,0.0043
175,2.917,0.0038
176,2.933,0.0029
177,2.950,0.0044
178,2.967,0.0049
179,2.983,0.0036
180,3.000,0.0036
181,3.017,0.0040
182,3.033,0.0048
183,3.050,0.0027
184,3.067,0.0036
185,3.083,0.0034
186,3.100,0.0035
187,3.117,0.0032
188,3.133,0.0028
189,3.150,0.0038
190,3.167,0.0039
191,3.183,0.0036
192,3.200,0.0030
193,3.217,0.0036
194,3.233,0.0044
195,3.250,0.0043
196,3.267,0.0045
197,3.283,0.0039
198,3.300,0.0032
199,3.317,0.0045
200,3.333,0.0027
201,3.350,0.0032
202,3.367,0.0031
203,3.383,0.0038
204,3.400,0.0033
205,3.417,0.0031
206,3.433,0.0046
207,3.450,0.0052
208,3.467,0.0036
209,3.483,0.0035
210,3.500,0.0029
211,3.517,0.0037
212,3.533,0.0029
213,3.550,0.0032
214,3.567,0.0032
215,3.583,0.0041
216,3.600,0.0025
217,3.617,0.0030
218,3.633,0.0033
219,3.650,0.0037
220,3.667,0.0039
221,3.683,0.0026
222,3.700,0.0037
223,3.717,0.0027
224,3.733,0.0045
225,3.750,0.0028
226,3.767,0.0033
227,3.783,0.0028
228,3.800,0.0039
229,3.817,0.0041
230,3.833,0.0026
231,3.850,0.0048
232,3.867,0.0029
233,3.883,0.0047
234,3.900,0.0038
235,3.917,0.0029
236,3.933,0.0044
237,3.950,0.0027
238,3.967,0.0024
239,3.983,0.0026
240,4.000,0.0053
241,4.017,0.0039
242,4.033,0.0033
243,4.050,0.0053
244,4.067,0.0038
245,4.083,0.0044
246,4.100,0.0038
247,4.117,0.0043
248,4.133,0.0041
249,4.150,0.0012
250,4.167,0.0119
251,4.183,0.0032
252,4.200,0.0026
253,4.217,0.0037
254,4.233,0.0025
255,4.250,0.0033
256,4.267,0.0026
257,4.283,0.0027
258,4.300,0.0041
259,4.317,0.0029
260,4.333,0.0029
261,4.350,0.0033
262,4.367,0.0030
263,4.383,0.0030
264,4.400,0.0046
265,4.417,0.0030
266,4.433,0.0028
267,4.450,0.0029
268,4.467,0.0032
269,4.483,0.0027
270,4.500,0.0038
271,4.517,0.0028
272,4.533,0.0028
273,4.550,0.0032
274,4.567,0.0034
275,4.583,0.0024
276,4.600,0.0039
277,4.617,0.0030
278,4.633,0.0034
279,4.650,0.0022
280,4.667,0.0040
281,4.683,0.0030
282,4.700,0.0026
283,4.717,0.0027
284,4.733,0.0029
285,4.750,0.0035
286,4.767,0.0022
287,4.783,0.0036
288,4.800,0.0035
289,4.817,0.0025
290,4.833,0.0036
291,4.850,0.0035
292,4.867,0.0022
293,4.883,0.0043
294,4.900,0.0026
295,4.917,0.0028
296,4.933,0.0031
297,4.950,0.0032
298,4.967,0.0026
299,4.983,0.0022
300,5.000,0.0034
301,5.017,0.0035
302,5.033,0.0035
303,5.050,0.0030
304,5.067,0.0031
305,5.083,0.0033
306,5.100,0.0038
307,5.117,0.0037
308,5.133,0.0023
309,5.150,0.0039
310,5.167,0.0023
311,5.183,0.0027
312,5.200,0.0029
313,5.217,0.0025
314,5.233,0.0025
315,5.250,0.0028
316,5.267,0.0025
317,5.283,0.0023
318,5.300,0.0036
319,5.317,0.0028
320,5.333,0.0025
321,5.350,0.0027
322,5.367,0.0031
323,5.383,0.0026
324,5.400,0.0027
325,5.417,0.0028
326,5.433,0.0026
327,5.450,0.0037
328,5.467,0.0030
329,5.483,0.0028
330,5.500,0.0030
331,5.517,0.0025
332,5.533,0.0033
333,5.550,0.0024
334,5.567,0.0031
335,5.583,0.0031
336,5.600,0.0024
337,5.617,0.0028
338,5.633,0.0033
339,5.650,0.0021
340,5.667,0.0026
341,5.683,0.0028
342,5.700,0.0030
343,5.717,0.0030
344,5.733,0.0033
345,5.750,0.0022
346,5.767,0.0036
347,5.783,0.0030
348,5.800,0.0020
349,5.817,0.0032
350,5.833,0.0037
351,5.850,0.0031
352,5.867,0.0038
353,5.883,0.0030
354,5.900,0.0019
355,5.917,0.0034
356,5.933,0.0027
357,5.950,0.0027
358,5.967,0.0020
359,5.983,0.0032
360,6.000,0.0027
361,6.017,0.0032
362,6.033,0.0044
363,6.050,0.0035
364,6.067,0.0036
365,6.083,0.0051
366,6.100,0.0054
367,6.117,0.0047
368,6.133,0.0059
369,6.150,0.0057
370,6.167,0.0064
371,6.183,0.0065
372,6.200,0.0042
373,6.217,0.0063
374,6.233,0.0074
375,6.250,0.0073
376,6.267,0.0076
377,6.283,0.0076
378,6.300,0.0077
379,6.317,0.0063
380,6.333,0.0077
381,6.350,0.0110
382,6.367,0.0089
383,6.383,0.0080
384,6.400,0.0076
385,6.417,0.0105
386,6.433,0.0091
387,6.450,0.0087
388,6.467,0.0098
389,6.483,0.0104
390,6.500,0.0093
391,6.517,0.0105
392,6.533,0.0090
393,6.550,0.0094
394,6.567,0.0109
395,6.583,0.0118
396,6.600,0.0107
397,6.617,0.0125
398,6.633,0.0110
399,6.650,0.0124
400,6.667,0.0106
401,6.683,0.0140
402,6.700,0.0124
403,6.717,0.0127
404,6.733,0.0130
405,6.750,0.0160
406,6.767,0.0163
407,6.783,0.0174
408,6.800,0.0168
409,6.817,0.0196
410,6.833,0.0211
411,6.850,0.0226
412,6.867,0.0217
413,6.883,0.0264
414,6.900,0.0266
415,6.917,0.0277
416,6.933,0.0297
417,6.950,0.0328
418,6.967,0.0337
419,6.983,0.0382
420,7.000,0.0381
421,7.017,0.0440
422,7.033,0.0445
423,7.050,0.0509
424,7.067,0.0516
425,7.083,0.0602
426,7.100,0.0625
427,7.117,0.0637
428,7.133,0.0742
429,7.150,0.0800
430,7.167,0.0828
431,7.183,0.0871
432,7.200,0.0923
433,7.217,0.1037
434,7.233,0.1107
435,7.250,0.1197
436,7.267,0.1805
437,7.283,0.2238
438,7.300,0.2411
439,7.317,0.2899
440,7.333,0.3236
441,7.350,0.3431
442,7.367,0.3789
443,7.383,0.3759
444,7.400,0.4056
445,7.417,0.4277
446,7.433,0.4284
447,7.450,0.4659
448,7.467,0.4848
449,7.483,0.4791
450,7.500,0.4814
451,7.517,0.5173
452,7.533,0.4789
453,7.550,0.4923
454,7.567,0.5064
455,7.583,0.5088
456,7.600,0.5037
457,7.617,0.5134
458,7.633,0.5157
459,7.650,0.4910
460,7.667,0.5143
461,7.683,0.4975
462,7.700,0.4930
463,7.717,0.4913
464,7.733,0.4747
465,7.750,0.4696
466,7.767,0.4504
467,7.783,0.4399
468,7.800,0.4283
469,7.817,0.4264
470,7.833,0.4042
471,7.850,0.3907
472,7.867,0.3761
473,7.883,0.3670
474,7.900,0.3550
475,7.917,0.3451
476,7.933,0.3465
477,7.950,0.3364
478,7.967,0.3365
479,7.983,0.3327
480,8.000,0.3285
481,8.017,0.3257
482,8.033,0.3243
483,8.050,0.3201
484,8.067,0.3162
485,8.083,0.3154
486,8.100,0.3075
487,8.117,0.3062
488,8.133,0.3027
489,8.150,0.2985
490,8.167,0.2917
491,8.183,0.2870
492,8.200,0.2796
493,8.217,0.2801
494,8.233,0.2743
495,8.250,0.2653
496,8.267,0.2635
497,8.283,0.2581
498,8.300,0.2581
499,8.317,0.2455
500,8.333,0.2441
501,8.350,0.2375
502,8.367,0.2401
503,8.383,0.2306
504,8.400,0.2272
505,8.417,0.2226
506,8.433,0.2254
507,8.450,0.2279
508,8.467,0.2328
509,8.483,0.2406
510,8.500,0.2458
511,8.517,0.2472
512,8.533,0.2573
513,8.550,0.2645
514,8.567,0.2722
515,8.583,0.2820
516,8.600,0.2946
517,8.617,0.3117
518,8.633,0.3216
519,8.650,0.3416
520,8.667,0.3572
521,8.683,0.3889
522,8.700,0.4238
523,8.717,0.4518
524,8.733,0.4907
525,8.750,0.5287
526,8.767,0.5681
527,8.783,0.6161
528,8.800,0.6731
529,8.817,0.7385
530,8.833,0.7897
531,8.850,0.8651
532,8.867,0.9402
533,8.883,1.0265
534,8.900,1.1120
535,8.917,1.2163
536,8.933,1.3006
537,8.950,1.4060
538,8.967,1.5566
539,8.983,1.6740
540,9.000,1.7954
541,9.017,1.9086
542,9.033,1.9101
543,9.050,1.8861
544,9.067,1.8858
545,9.083,1.8784
546,9.100,1.8542
547,9.117,1.8333
548,9.133,1.8399
549,9.150,1.7372
550,9.167,1.6601
551,9.183,1.5878
552,9.200,1.5123
553,9.217,1.4556
554,9.233,1.3755
555,9.250,1.3077
556,9.267,1.2657
557,9.283,1.2657
558,9.300,1.2226
559,9.317,1.1252
560,9.333,1.0351
561,9.350,0.9571
562,9.367,0.8656
563,9.383,0.7224
564,9.400,0.6177
565,9.417,0.7006
566,9.433,0.5649
567,9.450,0.4383
568,9.467,0.3732
569,9.483,0.3313
570,9.500,0.3132
571,9.517,0.2982
572,9.533,0.2956
573,9.550,0.3081
574,9.567,0.3224
575,9.583,0.3206
576,9.600,0.3434
577,9.617,0.3435
578,9.633,0.3224
579,9.650,0.3591
580,9.667,0.3738
581,9.683,0.3769
582,9.700,0.3891
583,9.717,0.3939
584,9.733,0.3913
585,9.750,0.3979
586,9.767,0.3880
587,9.783,0.4018
588,9.800,0.4012
589,9.817,0.4100
590,9.833,0.4043
591,9.850,0.4059
592,9.867,0.4239
593,9.883,0.4195
594,9.900,0.4135
595,9.917,0.4091
596,9.933,0.4096
597,9.950,0.3998
598,9.967,0.4037
599,9.983,0.3912
600,10.000,0.3766
601,10.017,0.3622
602,10.033,0.3672
603,10.050,0.3682
604,10.067,0.3399
605,10.083,0.3428
606,10.100,0.3307
607,10.117,0.3266
608,10.133,0.3100
609,10.150,0.3069
610,10.167,0.2967
611,10.183,0.3032
612,10.200,0.3173
613,10.217,0.2837
614,10.233,0.2864
615,10.250,0.2797
616,10.267,0.2749
617,10.283,0.2880
618,10.300,0.2856
619,10.317,0.2915
620,10.333,0.2762
621,10.350,0.2666
622,10.367,0.2450
623,10.383,0.2683
624,10.400,0.2574
625,10.417,0.2746
626,10.433,0.2711
627,10.450,0.3232
628,10.467,0.3790
629,10.483,0.4040
630,10.500,0.5006
631,10.517,0.4764
632,10.533,0.4813
633,10.550,0.4294
634,10.567,0.5301
635,10.583,0.4736
636,10.600,0.4846
637,10.617,0.4950
638,10.633,0.4745
639,10.650,0.4866
640,10.667,0.4957
641,10.683,0.4843
642,10.700,0.4772
643,10.717,0.4350
644,10.733,0.4172
645,10.750,0.3867
646,10.767,0.3618
647,10.783,0.3209
648,10.800,0.3020
649,10.817,0.2503
650,10.833,0.2009
651,10.850,0.1830
652,10.867,0.2003
653,10.883,0.1897
654,10.900,0.1983
655,10.917,0.1787
656,10.933,0.1729
657,10.950,0.1856
658,10.967,0.1655
659,10.983,0.1861
660,11.000,0.1871
661,11.017,0.1655
662,11.033,0.1727
663,11.050,0.1695
664,11.067,0.1794
665,11.083,0.2077
666,11.100,0.1578
667,11.117,0.1577
668,11.133,0.1701
669,11.150,0.1545
670,11.167,0.1715
671,11.183,0.1868
672,11.200,0.1638
673,11.217,0.1366
674,11.233,0.1404
675,11.250,0.1614
676,11.267,0.1372
677,11.283,0.1639
678,11.300,0.1484
679,11.317,0.1948
680,11.333,0.1282
681,11.350,0.1393
682,11.367,0.1316
683,11.383,0.1425
684,11.400,0.1261
685,11.417,0.1263
686,11.433,0.1489
687,11.450,0.1329
688,11.467,0.1735
689,11.483,0.1127
690,11.500,0.1209
691,11.517,0.1319
692,11.533,0.1291
693,11.550,0.1359
694,11.567,0.1054
695,11.583,0.1178
696,11.600,0.1327
697,11.617,0.1214
698,11.633,0.1608
699,11.650,0.1325
700,11.667,0.1329
701,11.683,0.1519
702,11.700,0.1644
703,11.717,0.1702
704,11.733,0.1998
705,11.750,0.1801
706,11.767,0.1744
707,11.783,0.1918
708,11.800,0.1958
709,11.817,0.2160
710,11.833,0.2162
711,11.850,0.2200
712,11.867,0.1985
713,11.883,0.2025
714,11.900,0.2028
715,11.917,0.2218
716,11.933,0.2195
717,11.950,0.2320
718,11.967,0.2269
719,11.983,0.2357
720,12.000,0.2178
721,12.017,0.2850
722,12.033,0.2194
723,12.050,0.2225
724,12.067,0.2838
725,12.083,0.2759
726,12.100,0.2854
727,12.117,0.2685
728,12.133,0.2673
729,12.150,0.2626
730,12.167,0.2496
731,12.183,0.2603
732,12.200,0.2411
733,12.217,0.2159
734,12.233,0.2191
735,12.250,0.2216
736,12.267,0.2176
737,12.283,0.2093
738,12.300,0.2081
739,12.317,0.2048
740,12.333,0.2036
741,12.350,0.1976
742,12.367,0.2011
743,12.383,0.1963
744,12.400,0.2038
745,12.417,0.2087
746,12.433,0.2047
747,12.450,0.2276
748,12.467,0.2143
749,12.483,0.2411
750,12.500,0.2307
751,12.517,0.2346
752,12.533,0.2578
753,12.550,0.2443
754,12.567,0.2805
755,12.583,0.2513
756,12.600,0.2603
757,12.617,0.2856
758,12.633,0.2518
759,12.650,0.2909
760,12.667,0.2511
761,12.683,0.2535
762,12.700,0.2797
763,12.717,0.2449
764,12.733,0.2708
765,12.750,0.2361
766,12.767,0.2290
767,12.783,0.2490
768,12.800,0.2135
769,12.817,0.2139
770,12.833,0.2277
771,12.850,0.1933
772,12.867,0.1859
773,12.883,0.1855
774,12.900,0.1810
775,12.917,0.1831
776,12.933,0.1795
777,12.950,0.1569
778,12.967,0.1825
779,12.983,0.1605
780,13.000,0.1795
781,13.017,0.1490
782,13.033,0.1545
783,13.050,0.1486
784,13.067,0.1609
785,13.083,0.1501
786,13.100,0.1120
787,13.117,0.1464
788,13.133,0.1078
789,13.150,0.1327
790,13.167,0.1020
791,13.183,0.0982
792,13.200,0.1303
793,13.217,0.0927
794,13.233,0.0967
795,13.250,0.1062
796,13.267,0.1122
797,13.283,0.1169
798,13.300,0.1135
799,13.317,0.1198
800,13.333,0.1183
801,13.350,0.1161
802,13.367,0.1244
803,13.383,0.1387
804,13.400,0.1329
805,13.417,0.1339
806,13.433,0.1339
807,13.450,0.1537
808,13.467,0.1428
809,13.483,0.1610
810,13.500,0.1491
811,13.517,0.1441
812,13.533,0.1483
813,13.550,0.1408
814,13.567,0.1145
815,13.583,0.1191
816,13.600,0.1030
817,13.617,0.1130
818,13.633,0.0977
819,13.650,0.0936
820,13.667,0.1052
821,13.683,0.1002
822,13.700,0.1144
823,13.717,0.1163
824,13.733,0.1327
825,13.750,0.1875
826,13.767,0.2079
827,13.783,0.2228
828,13.800,0.2303
829,13.817,0.2424
830,13.833,0.2604
831,13.850,0.3222
832,13.867,0.3334
833,13.883,0.3602
834,13.900,0.3898
835,13.917,0.3814
836,13.933,0.4099
837,13.950,0.4248
838,13.967,0.4286
839,13.983,0.4740
840,14.000,0.5023
841,14.017,0.5051
842,14.033,0.5289
843,14.050,0.5263
844,14.067,0.5376
845,14.083,0.5336
846,14.100,0.5125
847,14.117,0.5289
848,14.133,0.5283
849,14.150,0.5293
850,14.167,0.5307
851,14.183,0.5162
852,14.200,0.5195
853,14.217,0.5155
854,14.233,0.5043
855,14.250,0.4976
856,14.267,0.5026
857,14.283,0.4954
858,14.300,0.4758
859,14.317,0.4675
860,14.333,0.4598
861,14.350,0.4771
862,14.367,0.4838
863,14.383,0.4967
864,14.400,0.5098
865,14.417,0.5097
866,14.433,0.5211
867,14.450,0.5310
868,14.467,0.5513
869,14.483,0.5730
870,14.500,0.5823
871,14.517,0.5856
872,14.533,0.5922
873,14.550,0.6186
874,14.567,0.6028
875,14.583,0.6185
876,14.600,0.6217
877,14.617,0.6065
878,14.633,0.6105
879,14.650,0.5849
880,14.667,0.5894
881,14.683,0.5774
882,14.700,0.5844
883,14.717,0.5624
884,14.733,0.5451
885,14.750,0.5305
886,14.767,0.5344
887,14.783,0.5282
888,14.800,0.5162
889,14.817,0.5142
890,14.833,0.5070
891,14.850,0.5151
892,14.867,0.5045
893,14.883,0.5154
894,14.900,0.5209
895,14.917,0.5080
896,14.933,0.4950
897,14.950,0.4998
898,14.967,0.4894
899,14.983,0.4766
900,15.000,0.4807
901,15.017,0.4742
902,15.033,0.4704
903,15.050,0.4663
904,15.067,0.4522
905,15.083,0.4591
906,15.100,0.4528
907,15.117,0.4527
908,15.133,0.4554
909,15.150,0.4440
910,15.167,0.4280
911,15.183,0.4194
912,15.200,0.4115
913,15.217,0.4160
914,15.233,0.4046
915,15.250,0.4013
916,15.267,0.3804
917,15.283,0.3908
918,15.300,0.3601
919,15.317,0.3570
920,15.333,0.3438
921,15.350,0.3359
922,15.367,0.3221
923,15.383,0.3219
924,15.400,0.3150
925,15.417,0.3130
926,15.433,0.3111
927,15.450,0.3072
928,15.467,0.2983
929,15.483,0.2893
930,15.500,0.2759
931,15.517,0.2632
932,15.533,0.2559
933,15.550,0.2474
934,15.567,0.2453
935,15.583,0.2525
936,15.600,0.2513
937,15.617,0.2703
938,15.633,0.2752
939,15.650,0.2772
940,15.667,0.2590
941,15.683,0.2482
942,15.700,0.2380
943,15.717,0.2331
944,15.733,0.2186
945,15.750,0.2143
946,15.767,0.2083
947,15.783,0.2169
948,15.800,0.2109
949,15.817,0.2038
950,15.833,0.2003
951,15.850,0.1903
952,15.867,0.1879
953,15.883,0.1842
954,15.900,0.1810
955,15.917,0.1844
956,15.933,0.1818
957,15.950,0.1831
958,15.967,0.1851
959,15.983,0.1857
960,16.000,0.1889
961,16.017,0.1849
962,16.033,0.1878
963,16.050,0.1929
964,16.067,0.1914
965,16.083,0.1939
966,16.100,0.1939
967,16.117,0.1981
968,16.133,0.1977
969,16.150,0.1946
970,16.167,0.1960
971,16.183,0.1938
972,16.200,0.1982
973,16.217,0.1957
974,16.233,0.1981
975,16.250,0.2005
976,16.267,0.2046
977,16.283,0.1988
978,16.300,0.2043
979,16.317,0.2024
980,16.333,0.2052
981,16.350,0.2033
982,16.367,0.2104
983,16.383,0.2039
984,16.400,0.2005
985,16.417,0.2119
986,16.433,0.2087
987,16.450,0.2123
988,16.467,0.2057
989,16.483,0.2086
990,16.500,0.2112
991,16.517,0.2140
992,16.533,0.2098
993,16.550,0.2147
994,16.567,0.2097
995,16.583,0.2171
996,16.600,0.2129
997,16.617,0.2146
998,16.633,0.2175
999,16.650,0.2150
1000,16.667,0.2125
1001,16.683,0.2120
1002,16.700,0.2136
1003,16.717,0.2110
1004,16.733,0.2153
1005,16.750,0.2167
1006,16.767,0.2066
1007,16.783,0.2134
1008,16.800,0.2101
1009,16.817,0.2132
1010,16.833,0.2071
1011,16.850,0.2287
1012,16.867,0.2216
1013,16.883,0.2370
1014,16.900,0.2143
1015,16.917,0.2029
1016,16.933,0.2012
1017,16.950,0.2059
1018,16.967,0.1967
1019,16.983,0.2060
1020,17.000,0.1899
1021,17.017,0.1963
1022,17.033,0.1931
1023,17.050,0.1782
1024,17.067,0.1886
1025,17.083,0.1881
1026,17.100,0.1876
1027,17.117,0.1875
1028,17.133,0.1833
1029,17.150,0.1709
1030,17.167,0.1764
1031,17.183,0.1660
1032,17.200,0.1715
1033,17.217,0.1684
1034,17.233,0.1808
1035,17.250,0.1828
1036,17.267,0.1822
1037,17.283,0.1761
1038,17.300,0.1822
1039,17.317,0.1837
1040,17.333,0.1950
1041,17.350,0.2214
1042,17.367,0.1929
1043,17.383,0.2054
1044,17.400,0.2100
1045,17.417,0.1840
1046,17.433,0.2511
1047,17.450,0.2113
1048,17.467,0.1942
1049,17.483,0.2161
1050,17.500,0.2140
1051,17.517,0.2384
1052,17.533,0.2160
1053,17.550,0.2067
1054,17.567,0.2445
1055,17.583,0.2112
1056,17.600,0.2326
1057,17.617,0.2405
1058,17.633,0.2230
1059,17.650,0.2239
1060,17.667,0.2315
1061,17.683,0.2382
1062,17.700,0.2266
1063,17.717,0.2105
1064,17.733,0.2366
1065,17.750,0.2252
1066,17.767,0.2443
1067,17.783,0.2602
1068,17.800,0.2673
1069,17.817,0.2607
1070,17.833,0.2864
1071,17.850,0.2866
1072,17.867,0.3025
1073,17.883,0.2885
1074,17.900,0.3030
1075,17.917,0.3194
1076,17.933,0.3291
1077,17.950,0.3314
1078,17.967,0.3256
1079,17.983,0.3538
1080,18.000,0.3261
1081,18.017,0.3523
1082,18.033,0.3666
1083,18.050,0.3627
1084,18.067,0.3830
1085,18.083,0.3879
1086,18.100,0.3767
1087,18.117,0.4126
1088,18.133,0.3931
1089,18.150,0.4210
1090,18.167,0.4130
1091,18.183,0.4215
1092,18.200,0.4546
1093,18.217,0.4481
1094,18.233,0.4645
1095,18.250,0.4678
1096,18.267,0.4724
1097,18.283,0.4908
1098,18.300,0.4854
1099,18.317,0.5097
1100,18.333,0.5117
1101,18.350,0.5338
1102,18.367,0.5597
1103,18.383,0.5611
1104,18.400,0.5679
1105,18.417,0.5748
1106,18.433,0.5918
1107,18.450,0.5990
1108,18.467,0.6307
1109,18.483,0.6455
1110,18.500,0.6447
1111,18.517,0.6597
1112,18.533,0.6821
1113,18.550,0.6863
1114,18.567,0.6976
1115,18.583,0.7128
1116,18.600,0.6863
1117,18.617,0.7059
1118,18.633,0.7411
1119,18.650,0.7362
1120,18.667,0.7239
1121,18.683,0.7267
1122,18.700,0.7453
1123,18.717,0.7269
1124,18.733,0.7153
1125,18.750,0.7225
1126,18.767,0.7059
1127,18.783,0.6938
1128,18.800,0.6990
1129,18.817,0.6583
1130,18.833,0.6496
1131,18.850,0.6399
1132,18.867,0.6187
1133,18.883,0.6300
1134,18.900,0.6268
1135,18.917,0.6245
1136,18.933,0.5997
1137,18.950,0.5945
1138,18.967,0.6008
1139,18.983,0.5821
1140,19.000,0.5646
1141,19.017,0.5604
1142,19.033,0.5639
1143,19.050,0.5472
1144,19.067,0.5273
1145,19.083,0.5272
1146,19.100,0.5087
1147,19.117,0.4951
1148,19.133,0.4845
1149,19.150,0.4742
1150,19.167,0.4591
1151,19.183,0.4480
1152,19.200,0.4285
1153,19.217,0.4182
1154,19.233,0.4102
1155,19.250,0.3858
1156,19.267,0.3786
1157,19.283,0.3633
1158,19.300,0.3497
1159,19.317,0.3428
1160,19.333,0.3239
1161,19.350,0.3056
1162,19.367,0.3039
1163,19.383,0.2793
1164,19.400,0.2653
1165,19.417,0.2554
1166,19.433,0.2451
1167,19.450,0.2210
1168,19.467,0.2021
1169,19.483,0.1911
1170,19.500,0.2002
1171,19.517,0.1531
1172,19.533,0.1477
1173,19.550,0.1171
1174,19.567,0.1515
1175,19.583,0.0917
1176,19.600,0.0645
1177,19.617,0.0877
1178,19.633,0.0420
1179,19.650,0.0441
1180,19.667,0.0656
1181,19.683,0.0378
1182,19.700,0.0849
1183,19.717,0.0325
1184,19.733,0.0356
1185,19.750,0.0626
1186,19.767,0.0355
1187,19.783,0.0373
1188,19.800,0.0315
1189,19.817,0.0681
1190,19.833,0.0505
1191,19.850,0.0844
1192,19.867,0.1136
1193,19.883,0.0968
1194,19.900,0.1354
1195,19.917,0.1461
1196,19.933,0.1580
1197,19.950,0.1634
1198,19.967,0.1859
1199,19.983,0.1798
1200,20.000,0.2670
1201,20.017,0.2883
1202,20.033,0.3149
1203,20.050,0.3231
1204,20.067,0.3449
1205,20.083,0.3542
1206,20.100,0.3625
1207,20.117,0.3713
1208,20.133,0.3705
1209,20.150,0.4549
1210,20.167,0.3601
1211,20.183,0.3481
1212,20.200,0.4280
1213,20.217,0.3132
1214,20.233,0.4559
1215,20.250,0.5178
1216,20.267,0.4106
1217,20.283,0.5571
1218,20.300,0.5722
1219,20.317,0.5942
1220,20.333,0.6146
1221,20.350,0.6365
1222,20.367,0.6706
1223,20.383,0.6855
1224,20.400,0.7052
1225,20.417,0.7261
1226,20.433,0.7177
1227,20.450,0.9080
1228,20.467,0.7293
1229,20.483,0.9175
1230,20.500,0.7634
1231,20.517,0.7487
1232,20.533,0.9244
1233,20.550,0.7517
1234,20.567,0.9372
1235,20.583,0.7560
1236,20.600,0.9342
1237,20.617,0.7576
1238,20.633,0.9423
1239,20.650,0.7601
1240,20.667,0.9379
1241,20.683,0.7608
1242,20.700,0.9411
1243,20.717,0.7567
1244,20.733,0.9319
1245,20.750,0.7543
1246,20.767,0.9411
1247,20.783,0.7622
1248,20.800,0.9966
1249,20.817,0.8934
1250,20.833,1.1459
1251,20.850,0.9730
1252,20.867,1.2042
1253,20.883,1.0366
1254,20.900,1.2816
1255,20.917,1.1264
1256,20.933,1.4094
1257,20.950,1.1583
1258,20.967,1.3986
1259,20.983,1.1262
1260,21.000,1.3890
1261,21.017,1.1405
1262,21.033,1.4517
1263,21.050,1.1880
1264,21.067,1.4893
1265,21.083,1.2206
1266,21.100,1.5336
1267,21.117,1.2353
1268,21.133,1.5084
1269,21.150,1.2086
1270,21.167,1.5232
1271,21.183,1.2247
1272,21.200,1.5190
1273,21.217,1.1782
1274,21.233,1.4849
1275,21.250,1.2025
1276,21.267,1.4973
1277,21.283,1.2242
1278,21.300,1.5437
1279,21.317,1.2582
1280,21.333,1.5788
1281,21.350,1.2847
1282,21.367,1.4861
1283,21.383,1.2298
1284,21.400,1.4586
1285,21.417,1.1442
1286,21.433,1.4499
1287,21.450,1.1886
1288,21.467,1.4629
1289,21.483,1.1937
1290,21.500,1.4904
1291,21.517,1.2064
1292,21.533,1.5090
1293,21.550,1.2342
1294,21.567,1.5667
1295,21.583,1.2924
1296,21.600,1.6119
1297,21.617,1.3128
1298,21.633,1.6511
1299,21.650,1.3450
1300,21.667,1.6825
1301,21.683,1.3488
1302,21.700,1.6875
1303,21.717,1.3576
1304,21.733,1.6812
1305,21.750,1.3610
1306,21.767,1.7147
1307,21.783,1.3895
1308,21.800,1.7484
1309,21.817,1.4061
1310,21.833,1.7479
1311,21.850,1.4140
1312,21.867,1.7622
1313,21.883,1.4256
1314,21.900,1.8002
1315,21.917,1.4830
1316,21.933,1.8425
1317,21.950,1.4666
1318,21.967,1.8220
1319,21.983,1.4289
1320,22.000,1.7066
1321,22.017,1.3849
1322,22.033,1.7322
1323,22.050,1.5058
1324,22.067,1.8953
1325,22.083,1.5737
1326,22.100,1.9647
1327,22.117,1.6582
1328,22.133,2.0273
1329,22.150,1.6883
1330,22.167,2.0605
1331,22.183,1.7062
1332,22.200,2.0740
1333,22.217,1.6974
1334,22.233,2.0411
1335,22.250,1.6339
1336,22.267,1.9355
1337,22.283,1.5157
1338,22.300,1.8967
1339,22.317,1.5325
1340,22.333,1.9265
1341,22.350,1.5539
1342,22.367,1.9544
1343,22.383,1.5770
1344,22.400,1.9856
1345,22.417,1.5836
1346,22.433,1.9556
1347,22.450,1.5478
1348,22.467,1.9427
1349,22.483,1.5563
1350,22.500,1.9971
1351,22.517,1.7871
1352,22.533,1.9509
1353,22.550,1.5025
1354,22.567,1.8857
1355,22.583,1.5135
1356,22.600,1.8835
1357,22.617,1.4995
1358,22.633,1.8768
1359,22.650,1.4842
1360,22.667,1.8527
1361,22.683,1.4796
1362,22.700,1.8675
1363,22.717,1.5329
1364,22.733,1.9465
1365,22.750,1.6881
1366,22.767,2.1465
1367,22.783,1.7923
1368,22.800,2.2279
1369,22.817,1.8623
1370,22.833,2.2730
1371,22.850,1.8554
1372,22.867,2.2632
1373,22.883,1.8147
1374,22.900,2.1909
1375,22.917,1.7555
1376,22.933,2.2245
1377,22.950,1.6681
1378,22.967,2.1105
1379,22.983,1.6355
1380,23.000,1.9798
1381,23.017,1.5712
1382,23.033,1.9599
1383,23.050,1.5713
1384,23.067,1.9679
1385,23.083,1.5745
1386,23.100,1.9683
1387,23.117,1.5716
1388,23.133,1.9614
1389,23.150,1.5849
1390,23.167,2.0134
1391,23.183,1.6068
1392,23.200,1.9703
1393,23.217,1.5741
1394,23.233,1.9667
1395,23.250,1.5662
1396,23.267,1.9417
1397,23.283,1.5308
1398,23.300,1.8905
1399,23.317,1.4963
1400,23.333,1.8618
1401,23.350,1.4728
1402,23.367,1.8781
1403,23.383,1.5988
1404,23.400,2.0393
1405,23.417,1.6810
1406,23.433,2.0700
1407,23.450,1.7072
1408,23.467,2.1634
1409,23.483,1.7448
1410,23.500,2.0876
1411,23.517,1.7246
1412,23.533,2.0892
1413,23.550,1.7019
1414,23.567,2.0971
1415,23.583,1.8276
1416,23.600,2.0448
1417,23.617,1.5576
1418,23.633,1.9502
1419,23.650,1.5237
1420,23.667,1.8925
1421,23.683,1.5125
1422,23.700,1.8841
1423,23.717,1.5089
1424,23.733,1.8942
1425,23.750,1.5250
1426,23.767,1.8935
1427,23.783,1.5004
1428,23.800,1.8615
1429,23.817,1.4907
1430,23.833,1.8862
1431,23.850,1.5302
1432,23.867,1.8951
1433,23.883,1.5081
1434,23.900,1.8564
1435,23.917,1.4922
1436,23.933,1.8579
1437,23.950,1.4925
1438,23.967,1.8639
1439,23.983,1.5078
1440,24.000,1.9038
1441,24.017,1.5395
1442,24.033,1.8909
1443,24.050,1.5145
1444,24.067,1.8688
1445,24.083,1.5089
1446,24.100,1.8785
1447,24.117,1.5156
1448,24.133,1.9051
1449,24.150,1.5403
1450,24.167,1.8842
1451,24.183,1.5345
1452,24.200,1.9210
1453,24.217,1.5432
1454,24.233,2.0332
1455,24.250,1.8788
1456,24.267,1.9064
1457,24.283,1.5437
1458,24.300,1.8836
1459,24.317,1.4666
1460,24.333,1.8521
1461,24.350,1.4730
1462,24.367,1.8398
1463,24.383,1.4741
1464,24.400,1.8258
1465,24.417,1.4646
1466,24.433,1.8200
1467,24.450,1.4695
1468,24.467,1.8399
1469,24.483,1.4805
1470,24.500,1.8670
1471,24.517,1.5149
1472,24.533,1.9184
1473,24.550,1.5450
1474,24.567,1.9262
1475,24.583,1.5345
1476,24.600,1.9015
1477,24.617,1.4913
1478,24.633,1.8319
1479,24.650,1.4132
1480,24.667,1.7661
1481,24.683,1.4318
1482,24.700,1.8206
1483,24.717,1.5283
1484,24.733,1.9593
1485,24.750,1.6539
1486,24.767,2.0744
1487,24.783,1.7535
1488,24.800,2.1624
1489,24.817,1.7754
1490,24.833,2.1646
1491,24.850,1.7586
1492,24.867,2.1423
1493,24.883,1.6953
1494,24.900,2.0391
1495,24.917,1.8001
1496,24.933,2.3753
1497,24.950,1.5562
1498,24.967,1.9544
1499,24.983,1.5802
1500,25.000,1.9792
1501,25.017,1.6044
1502,25.033,2.0279
1503,25.050,1.6449
1504,25.067,2.1465
1505,25.083,1.7315
1506,25.100,2.1008
1507,25.117,1.6285
1508,25.133,2.0268
1509,25.150,1.6436
1510,25.167,2.0378
1511,25.183,1.6117
1512,25.200,1.9546
1513,25.217,1.5326
1514,25.233,1.8735
1515,25.250,1.5710
1516,25.267,2.0961
1517,25.283,1.6606
1518,25.300,1.9718
1519,25.317,1.6292
1520,25.333,1.9388
1521,25.350,1.7224
1522,25.367,2.1061
1523,25.383,1.7965
1524,25.400,2.2302
1525,25.417,1.8849
1526,25.433,2.1780
1527,25.450,1.8197
1528,25.467,2.2147
1529,25.483,1.8349
1530,25.500,2.2248
1531,25.517,1.8120
1532,25.533,2.1499
1533,25.550,1.7161
1534,25.567,2.0459
1535,25.583,1.6299
1536,25.600,2.0468
1537,25.617,1.5999
1538,25.633,2.0024
1539,25.650,1.5889
1540,25.667,1.9555
1541,25.683,1.5763
1542,25.700,1.9574
1543,25.717,1.5729
1544,25.733,1.9623
1545,25.750,1.5622
1546,25.767,1.9396
1547,25.783,1.5561
1548,25.800,1.9375
1549,25.817,1.5415
1550,25.833,1.9166
1551,25.850,1.5362
1552,25.867,1.8980
1553,25.883,1.4968
1554,25.900,1.8377
1555,25.917,1.4589
1556,25.933,1.7875
1557,25.950,1.4033
1558,25.967,1.7196
1559,25.983,1.3755
1560,26.000,1.7122
1561,26.017,1.3759
1562,26.033,1.7041
1563,26.050,1.3889
1564,26.067,1.7253
1565,26.083,1.4096
1566,26.100,1.7386
1567,26.117,1.4151
1568,26.133,1.7128
1569,26.150,1.4103
1570,26.167,1.6973
1571,26.183,1.3557
1572,26.200,1.6455
1573,26.217,1.3379
1574,26.233,1.6219
1575,26.250,1.3314
1576,26.267,1.6312
1577,26.283,1.2828
1578,26.300,1.5980
1579,26.317,1.2730
1580,26.333,1.5768
1581,26.350,1.2659
1582,26.367,1.5710
1583,26.383,1.2649
1584,26.400,1.5803
1585,26.417,1.2615
1586,26.433,1.5627
1587,26.450,1.2610
1588,26.467,1.5785
1589,26.483,1.2631
1590,26.500,1.5806
1591,26.517,1.2386
1592,26.533,1.5612
1593,26.550,1.2573
1594,26.567,1.5614
1595,26.583,1.2558
1596,26.600,1.5347
1597,26.617,1.2335
1598,26.633,1.5309
1599,26.650,1.2399
1600,26.667,1.5525
1601,26.683,1.2559
1602,26.700,1.5638
1603,26.717,1.2767
1604,26.733,1.5969
1605,26.750,1.2944
1606,26.767,1.6189
1607,26.783,1.2849
1608,26.800,1.6443
1609,26.817,1.2907
1610,26.833,1.6064
1611,26.850,1.2899
1612,26.867,1.6079
1613,26.883,1.2886
1614,26.900,1.5704
1615,26.917,1.2683
1616,26.933,1.4596
1617,26.950,1.1753
1618,26.967,1.4677
1619,26.983,1.1981
1620,27.000,1.5063
1621,27.017,1.2253
1622,27.033,1.5353
1623,27.050,1.2494
1624,27.067,1.5605
1625,27.083,1.2584
1626,27.100,1.5780
1627,27.117,1.2871
1628,27.133,1.6183
1629,27.150,1.3090
1630,27.167,1.6228
1631,27.183,1.3014
1632,27.200,1.2935
1633,27.217,1.6064
1634,27.233,1.2761
1635,27.250,1.2598
1636,27.267,1.5509
1637,27.283,1.2379
1638,27.300,1.2235
1639,27.317,1.1978
1640,27.333,1.1760
1641,27.350,1.1650
1642,27.367,1.1660
1643,27.383,1.1602
1644,27.400,1.1423
1645,27.417,1.0973
1646,27.433,1.0857
1647,27.450,1.0890
1648,27.467,0.7956
1649,27.483,1.0377
1650,27.500,1.0165
1651,27.517,0.9761
1652,27.533,0.7065
1653,27.550,0.9288
1654,27.567,0.6953
1655,27.583,0.9011
1656,27.600,0.6510
1657,27.617,0.8582
1658,27.633,0.6340
1659,27.650,0.8235
1660,27.667,0.5989
1661,27.683,0.7808
1662,27.700,0.5758
1663,27.717,0.5540
1664,27.733,0.7202
1665,27.750,0.5275
1666,27.767,0.5037
1667,27.783,0.6495
1668,27.800,0.4804
1669,27.817,0.4585
1670,27.833,0.5903
1671,27.850,0.4342
1672,27.867,0.4191
1673,27.883,0.4160
1674,27.900,0.5446
1675,27.917,0.3990
1676,27.933,0.3979
1677,27.950,0.5321
1678,27.967,0.4045
1679,27.983,0.4149
1680,28.000,0.5181
1681,28.017,0.4323
1682,28.033,0.4292
1683,28.050,0.4638
1684,28.067,0.5522
1685,28.083,0.5894
1686,28.100,0.5507
1687,28.117,0.8149
1688,28.133,0.7886
1689,28.150,0.7950
1690,28.167,0.7740
1691,28.183,1.2333
1692,28.200,0.8862
1693,28.217,0.9705
1694,28.233,1.1032
1695,28.250,1.3931
1696,28.267,1.5374
1697,28.283,1.5729
1698,28.300,2.0561
1699,28.317,1.5505
1700,28.333,2.0542
1701,28.350,3.0469
1702,28.367,2.2695
1703,28.383,2.9743
1704,28.400,2.5855
1705,28.417,3.6963
1706,28.433,4.0332
1707,28.450,2.7407
1708,28.467,1.2529
1709,28.483,2.3907
1710,28.500,3.1203
1711,28.517,2.3996
1712,28.533,2.2688
1713,28.550,1.6270
1714,28.567,2.6942
1715,28.583,2.1300
1716,28.600,1.6554
1717,28.617,1.4135
1718,28.633,1.4999
1719,28.650,1.2988
1720,28.667,1.1687
1721,28.683,0.6719
1722,28.700,0.8800
1723,28.717,0.4317
1724,28.733,0.5089
1725,28.750,0.2255
1726,28.767,0.1567
1727,28.783,0.1217
1728,28.800,0.1170
1729,28.817,0.1328
1730,28.833,0.1282
1731,28.850,0.1697
1732,28.867,0.1761
1733,28.883,0.1730
1734,28.900,0.1978
1735,28.917,0.2084
1736,28.933,0.2067
1737,28.950,0.2685
1738,28.967,0.2672
1739,28.983,0.2603
1740,29.000,0.2731
1741,29.017,0.2261
1742,29.033,0.2101
1743,29.050,0.1937
1744,29.067,0.1969
1745,29.083,0.1360
1746,29.100,0.1165
1747,29.117,0.0581
1748,29.133,0.0418
1749,29.150,0.0369
1750,29.167,0.0394
1751,29.183,0.0423
1752,29.200,0.0483
1753,29.217,0.0400
1754,29.233,0.0496
1755,29.250,0.0467
1756,29.267,0.0451
1757,29.283,0.0316
1758,29.300,0.0515
1759,29.317,0.0634
1760,29.333,0.0681
1761,29.350,0.0767
1762,29.367,0.0702
1763,29.383,0.0723
1764,29.400,0.0679
1765,29.417,0.0724
1766,29.433,0.0600
1767,29.450,0.0506
1768,29.467,0.0334
1769,29.483,0.0261
1770,29.500,0.0082
1771,29.517,0.0037
1772,29.533,0.0045
1773,29.550,0.0067
1774,29.567,0.0077
1775,29.583,0.0077
1776,29.600,0.0052
1777,29.617,0.0088
1778,29.633,0.0073
1779,29.650,0.0055
1780,29.667,0.0075
1781,29.683,0.0113
1782,29.700,0.0576
1783,29.717,0.1119
1784,29.733,0.1393
1785,29.750,0.1613
1786,29.767,0.1754
1787,29.783,0.1743
1788,29.800,0.1661
1789,29.817,0.1513
1790,29.833,0.1302
1791,29.850,0.0813
1792,29.867,0.0510
1793,29.883,0.0104
1794,29.900,0.0097
1795,29.917,0.0097
1796,29.933,0.0097
1797,29.950,0.0114
1798,29.967,0.0070
1799,29.983,0.0053
1800,30.000,0.0052
1801,30.017,0.0037
1802,30.033,0.0044
1803,30.050,0.0050
1804,30.067,0.0076
1805,30.083,0.0107
1806,30.100,0.0080
1807,30.117,0.0072
1808,30.133,0.0109
1809,30.150,0.0091
1810,30.167,0.0097
1811,30.183,0.0113
1812,30.200,0.0275
1813,30.217,0.0542
1814,30.233,0.0667
1815,30.250,0.0861
1816,30.267,0.0846
1817,30.283,0.0906
1818,30.300,0.0849
1819,30.317,0.0779
1820,30.333,0.0682
1821,30.350,0.0477
1822,30.367,0.0334
1823,30.383,0.0110
1824,30.400,0.0094
1825,30.417,0.0087
1826,30.433,0.0130
1827,30.450,0.0094
1828,30.467,0.0122
1829,30.483,0.0132
1830,30.500,0.0120
1831,30.517,0.0104
1832,30.533,0.0094
1833,30.550,0.0095
1834,30.567,0.0063
1835,30.583,0.0044
1836,30.600,0.0046
1837,30.617,0.0050
1838,30.633,0.0077
1839,30.650,0.0085
1840,30.667,0.0097
1841,30.683,0.0093
1842,30.700,0.0106
1843,30.717,0.0081
1844,30.733,0.0123
1845,30.750,0.0085
1846,30.767,0.0089
1847,30.783,0.0085
1848,30.800,0.0056
1849,30.817,0.0016
1850,30.833,0.0064
1851,30.850,0.0066
1852,30.867,0.0073
1853,30.883,0.0082
1854,30.900,0.0071
1855,30.917,0.0103
1856,30.933,0.0101
1857,30.950,0.0094
1858,30.967,0.0110
1859,30.983,0.0118
1860,31.000,0.0081
1861,31.017,0.0090
1862,31.033,0.0051
1863,31.050,0.0076
1864,31.067,0.0029
1865,31.083,0.0067
1866,31.100,0.0072
1867,31.117,0.0070
1868,31.133,0.0102
1869,31.150,0.0105
1870,31.167,0.0156
1871,31.183,0.0109
1872,31.200,0.0129
1873,31.217,0.0145
1874,31.233,0.0111
1875,31.250,0.0084
1876,31.267,0.0084
1877,31.283,0.0068
1878,31.300,0.0064
1879,31.317,0.0066
1880,31.333,0.0032
1881,31.350,0.0029
1882,31.367,0.0036
1883,31.383,0.0029
1884,31.400,0.0015
1885,31.417,0.0014
1886,31.433,0.0021
1887,31.450,0.2320
1888,31.467,0.0025
1889,31.483,0.2359
1890,31.500,0.2320
1891,31.517,0.2376
1892,31.533,0.5418
1893,31.550,1.5271
1894,31.567,1.5785
1895,31.583,2.0906
1896,31.600,2.7799
1897,31.617,2.0799
1898,31.633,1.4636
1899,31.650,0.5864
1900,31.667,0.7677
1901,31.683,0.5667
1902,31.700,0.7357
1903,31.717,0.5451
1904,31.733,0.7170
1905,31.750,0.7083
1906,31.767,0.7060
1907,31.783,0.7039
1908,31.800,0.5394
1909,31.817,0.7059
1910,31.833,0.6662
1911,31.850,0.6351
1912,31.867,0.6513
1913,31.883,0.6541
1914,31.900,0.6407
1915,31.917,0.7154
1916,31.933,0.5861
1917,31.950,0.6154
1918,31.967,0.6291
1919,31.983,0.7687
1920,32.000,0.6328
1921,32.017,0.7395
1922,32.033,0.7836
1923,32.050,0.6263
1924,32.067,0.5596
1925,32.083,0.6681
1926,32.100,0.5293
1927,32.117,0.6282
1928,32.133,0.5264
1929,32.150,0.5958
1930,32.167,0.4602
1931,32.183,0.5481
1932,32.200,0.4830
1933,32.217,0.6093
1934,32.233,0.4910
1935,32.250,0.5863
1936,32.267,0.4878
1937,32.283,0.7197
1938,32.300,0.7044
1939,32.317,0.8862
1940,32.333,0.7952
1941,32.350,0.9570
1942,32.367,0.8180
1943,32.383,0.9863
1944,32.400,0.7922
1945,32.417,0.8979
1946,32.433,0.6909
1947,32.450,0.8766
1948,32.467,0.7371
1949,32.483,0.9070
1950,32.500,0.7327
1951,32.517,0.8877
1952,32.533,0.7176
1953,32.550,0.8659
1954,32.567,0.7128
1955,32.583,0.8875
1956,32.600,0.7311
1957,32.617,0.9222
1958,32.633,0.7585
1959,32.650,0.9218
1960,32.667,0.7697
1961,32.683,0.9646
1962,32.700,0.7762
1963,32.717,0.9617
1964,32.733,0.7568
1965,32.750,0.9473
1966,32.767,0.7533
1967,32.783,0.9451
1968,32.800,0.7597
1969,32.817,0.9581
1970,32.833,0.7680
1971,32.850,0.9597
1972,32.867,0.7760
1973,32.883,0.9676
1974,32.900,0.7875
1975,32.917,1.0151
1976,32.933,0.8524
1977,32.950,1.0999
1978,32.967,0.9270
1979,32.983,1.1843
1980,33.000,1.0358
1981,33.017,1.3164
1982,33.033,1.0967
1983,33.050,1.3661
1984,33.067,1.1302
1985,33.083,1.3861
1986,33.100,1.1376
1987,33.117,1.3862
1988,33.133,1.1198
1989,33.150,1.3672
1990,33.167,1.0818
1991,33.183,1.3353
1992,33.200,1.0754
1993,33.217,1.3575
1994,33.233,1.0950
1995,33.250,1.3695
1996,33.267,1.1088
1997,33.283,1.3910
1998,33.300,1.1050
1999,33.317,1.3528
2000,33.333,1.0134
2001,33.350,1.2527
2002,33.367,1.0648
2003,33.383,1.3449
2004,33.400,1.0828
2005,33.417,1.3118
2006,33.433,1.0474
2007,33.450,1.3137
2008,33.467,1.0667
2009,33.483,1.3471
2010,33.500,1.0751
2011,33.517,1.3421
2012,33.533,1.0774
2013,33.550,1.2547
2014,33.567,0.9850
2015,33.583,1.2247
2016,33.600,0.9202
2017,33.617,1.1441
2018,33.633,0.9415
2019,33.650,1.1482
2020,33.667,0.8880
2021,33.683,1.1466
2022,33.700,0.8812
2023,33.717,1.0958
2024,33.733,0.8823
2025,33.750,1.1061
2026,33.767,0.9162
2027,33.783,1.1530
2028,33.800,0.9201
2029,33.817,1.1405
2030,33.833,0.9165
2031,33.850,1.2088
2032,33.867,0.9337
2033,33.883,1.1277
2034,33.900,1.0645
2035,33.917,1.3257
2036,33.933,0.8850
2037,33.950,1.0501
2038,33.967,0.8466
2039,33.983,1.0957
2040,34.000,0.8754
2041,34.017,1.0763
2042,34.033,0.8591
2043,34.050,1.1205
2044,34.067,0.8710
2045,34.083,1.0979
2046,34.100,0.9381
2047,34.117,1.1197
2048,34.133,0.9170
2049,34.150,1.1696
2050,34.167,0.9034
2051,34.183,1.1453
2052,34.200,0.8936
2053,34.217,1.2101
2054,34.233,0.9275
2055,34.250,1.2013
2056,34.267,0.9522
2057,34.283,1.2185
2058,34.300,0.9429
2059,34.317,1.2455
2060,34.333,0.9440
2061,34.350,1.1872
2062,34.367,0.9711
2063,34.383,1.2513
2064,34.400,0.9911
2065,34.417,1.2649
2066,34.433,1.0490
2067,34.450,2.0131
2068,34.467,0.9521
2069,34.483,1.1030
2070,34.500,0.9312
2071,34.517,1.3911
2072,34.533,1.0498
2073,34.550,1.2124
2074,34.567,0.9990
2075,34.583,1.2475
2076,34.600,1.0015
2077,34.617,1.2076
2078,34.633,0.9786
2079,34.650,1.2729
2080,34.667,0.9589
2081,34.683,1.2156
2082,34.700,0.9237
2083,34.717,1.2313
2084,34.733,0.9378
2085,34.750,1.1214
2086,34.767,0.9522
2087,34.783,1.4426
2088,34.800,0.9572
2089,34.817,1.2002
2090,34.833,0.9258
2091,34.850,1.3337
2092,34.867,0.9321
2093,34.883,1.1156
2094,34.900,0.9174
2095,34.917,1.2973
2096,34.933,0.9057
2097,34.950,0.9994
2098,34.967,0.8299
2099,34.983,1.1519
2100,35.000,0.7991
2101,35.017,1.0315
2102,35.033,0.8528
2103,35.050,1.1344
2104,35.067,0.7638
2105,35.083,0.9575
2106,35.100,0.7662
2107,35.117,1.0882
2108,35.133,0.7660
2109,35.150,1.0056
2110,35.167,0.9035
2111,35.183,1.1960
2112,35.200,0.8749
2113,35.217,1.2027
2114,35.233,0.9564
2115,35.250,1.2258
2116,35.267,0.9293
2117,35.283,1.2022
2118,35.300,0.9918
2119,35.317,2.1491
2120,35.333,2.2485
2121,35.350,3.7723
2122,35.367,2.4644
2123,35.383,2.3327
2124,35.400,2.2250
2125,35.417,5.4869
2126,35.433,6.2075
2127,35.450,8.2448
2128,35.467,12.0082
2129,35.483,1.4329
2130,35.500,0.7497
2131,35.517,0.9377
2132,35.533,0.7603
2133,35.550,0.9464
2134,35.567,0.7831
2135,35.583,0.9829
2136,35.600,0.8404
2137,35.617,0.8541
2138,35.633,0.6969
2139,35.650,0.8706
2140,35.667,0.6985
2141,35.683,0.8755
2142,35.700,0.7101
2143,35.717,0.8927
2144,35.733,0.7241
2145,35.750,0.9066
2146,35.767,0.7316
2147,35.783,0.9158
2148,35.800,0.7242
2149,35.817,0.8993
2150,35.833,0.7325
2151,35.850,0.9155
2152,35.867,0.7710
2153,35.883,0.9786
2154,35.900,0.7926
2155,35.917,0.9922
2156,35.933,0.8063
2157,35.950,1.0136
2158,35.967,0.8083
2159,35.983,1.0046
2160,36.000,0.8175
2161,36.017,1.0236
2162,36.033,0.8184
2163,36.050,1.0128
2164,36.067,0.8074
2165,36.083,0.9882
2166,36.100,0.7931
2167,36.117,0.9533
2168,36.133,0.7668
2169,36.150,0.9616
2170,36.167,0.7687
2171,36.183,0.9340
2172,36.200,0.7517
2173,36.217,0.9452
2174,36.233,0.7154
2175,36.250,0.7623
2176,36.267,0.6069
2177,36.283,0.6923
2178,36.300,0.5489
2179,36.317,0.6660
2180,36.333,0.5404
2181,36.350,0.6821
2182,36.367,0.5815
2183,36.383,0.7288
2184,36.400,0.5854
2185,36.417,0.7469
2186,36.433,0.6023
2187,36.450,0.7375
2188,36.467,0.6229
2189,36.483,0.7754
2190,36.500,0.6245
2191,36.517,0.7146
2192,36.533,0.5623
2193,36.550,0.7173
2194,36.567,0.5732
2195,36.583,0.7120
2196,36.600,0.5856
2197,36.617,0.7388
2198,36.633,0.5882
2199,36.650,0.6697
2200,36.667,0.6036
2201,36.683,0.6742
2202,36.700,0.5400
2203,36.717,0.6723
2204,36.733,0.6175
2205,36.750,0.8092
2206,36.767,0.6382
2207,36.783,0.7997
2208,36.800,0.6372
2209,36.817,0.8027
2210,36.833,0.6747
2211,36.850,0.8393
2212,36.867,0.6884
2213,36.883,0.8532
2214,36.900,0.6844
2215,36.917,0.8513
2216,36.933,0.6980
2217,36.950,0.8669
2218,36.967,0.6722
2219,36.983,1.0065
2220,37.000,0.6598
2221,37.017,0.7930
2222,37.033,0.6552
2223,37.050,0.8031
2224,37.067,0.6542
2225,37.083,0.8193
2226,37.100,0.6699
2227,37.117,0.8485
2228,37.133,0.7005
2229,37.150,0.8560
2230,37.167,0.7041
2231,37.183,0.8716
2232,37.200,0.7156
2233,37.217,0.8862
2234,37.233,0.7120
2235,37.250,0.8889
2236,37.267,0.7177
2237,37.283,0.8963
2238,37.300,0.7230
2239,37.317,0.9088
2240,37.333,0.7296
2241,37.350,0.9217
2242,37.367,0.7351
2243,37.383,0.9092
2244,37.400,0.7265
2245,37.417,0.9133
2246,37.433,0.7517
2247,37.450,0.9680
2248,37.467,0.7941
2249,37.483,0.9943
2250,37.500,0.8071
2251,37.517,1.0155
2252,37.533,0.8160
2253,37.550,1.0074
2254,37.567,0.8180
2255,37.583,1.0150
2256,37.600,0.8188
2257,37.617,1.0240
2258,37.633,0.8181
2259,37.650,0.9964
2260,37.667,0.7928
2261,37.683,1.0121
2262,37.700,0.7636
2263,37.717,0.9356
2264,37.733,0.7619
2265,37.750,0.9411
2266,37.767,0.7443
2267,37.783,0.9200
2268,37.800,0.7462
2269,37.817,0.8283
2270,37.833,0.6138
2271,37.850,0.6944
2272,37.867,0.5311
2273,37.883,0.6587
2274,37.900,0.5310
2275,37.917,0.7356
2276,37.933,0.7581
2277,37.950,0.9921
2278,37.967,0.8667
2279,37.983,1.0276
2280,38.000,0.8817
2281,38.017,1.0424
2282,38.033,0.8448
2283,38.050,0.9981
2284,38.067,0.8243
2285,38.083,0.9690
2286,38.100,0.7373
2287,38.117,0.8548
2288,38.133,0.6695
2289,38.150,0.7921
2290,38.167,0.6299
2291,38.183,0.7628
2292,38.200,0.6275
2293,38.217,0.7391
2294,38.233,0.5755
2295,38.250,0.7149
2296,38.267,0.5351
2297,38.283,0.6870
2298,38.300,0.5685
2299,38.317,0.6920
2300,38.333,0.5582
2301,38.350,0.6560
2302,38.367,0.5440
2303,38.383,0.6212
2304,38.400,0.4947
2305,38.417,0.5808
2306,38.433,0.4632
2307,38.450,0.5470
2308,38.467,0.4306
2309,38.483,0.5083
2310,38.500,0.4002
2311,38.517,0.4762
2312,38.533,0.3774
2313,38.550,0.4425
2314,38.567,0.5132
2315,38.583,0.3452
2316,38.600,0.2901
2317,38.617,0.3490
2318,38.633,0.2758
2319,38.650,0.3125
2320,38.667,0.2664
2321,38.683,0.3281
2322,38.700,0.2837
2323,38.717,0.3819
2324,38.733,0.3407
2325,38.750,0.4180
2326,38.767,0.3408
2327,38.783,0.4476
2328,38.800,0.4633
2329,38.817,0.6281
2330,38.833,0.5478
2331,38.850,0.6759
2332,38.867,0.5790
2333,38.883,0.6063
2334,38.900,0.4944
2335,38.917,0.4743
2336,38.933,0.3154
2337,38.950,0.3757
2338,38.967,0.3898
2339,38.983,0.5056
2340,39.000,0.4374
2341,39.017,0.5756
2342,39.033,0.4785
2343,39.050,0.6165
2344,39.067,0.5190
2345,39.083,0.6726
2346,39.100,0.5563
2347,39.117,0.7001
2348,39.133,0.5700
2349,39.150,0.7207
2350,39.167,0.5786
2351,39.183,0.7224
2352,39.200,0.5906
2353,39.217,0.7455
2354,39.233,0.5866
2355,39.250,0.7249
2356,39.267,0.5798
2357,39.283,0.7218
2358,39.300,0.5679
2359,39.317,0.7040
2360,39.333,0.5588
2361,39.350,0.6885
2362,39.367,0.5463
2363,39.383,0.6763
2364,39.400,0.5401
2365,39.417,0.6761
2366,39.433,0.5380
2367,39.450,0.6627
2368,39.467,0.5338
2369,39.483,0.6681
2370,39.500,0.5353
2371,39.517,0.6644
2372,39.533,0.5373
2373,39.550,0.6801
2374,39.567,0.5422
2375,39.583,0.6697
2376,39.600,0.5421
2377,39.617,0.6853
2378,39.633,0.5616
2379,39.650,0.7234
2380,39.667,0.6032
2381,39.683,0.7690
2382,39.700,0.6557
2383,39.717,0.8305
2384,39.733,0.7003
2385,39.750,0.8782
2386,39.767,0.7445
2387,39.783,0.8954
2388,39.800,0.7185
2389,39.817,0.8742
2390,39.833,0.6780
2391,39.850,0.7782
2392,39.867,0.6360
2393,39.883,0.7791
2394,39.900,0.6083
2395,39.917,0.7129
2396,39.933,0.5536
2397,39.950,0.6779
2398,39.967,0.5516
2399,39.983,0.6852
2400,40.000,0.5690
2401,40.017,0.6976
2402,40.033,0.5609
2403,40.050,0.6847
2404,40.067,0.4576
2405,40.083,0.5540
2406,40.100,0.4083
2407,40.117,0.4117
2408,40.133,0.3480
2409,40.150,0.4218
2410,40.167,0.3182
2411,40.183,0.3698
2412,40.200,0.3174
2413,40.217,0.3714
2414,40.233,0.3147
2415,40.250,0.3135
2416,40.267,0.2740
2417,40.283,0.3457
2418,40.300,0.2912
2419,40.317,0.3322
2420,40.333,0.2928
2421,40.350,0.3511
2422,40.367,0.2882
2423,40.383,0.3548
2424,40.400,0.3070
2425,40.417,0.3543
2426,40.433,0.2979
2427,40.450,0.3553
2428,40.467,0.3021
2429,40.483,0.3679
2430,40.500,0.3039
2431,40.517,0.3562
2432,40.533,0.3033
2433,40.550,0.3895
2434,40.567,0.3319
2435,40.583,0.4001
2436,40.600,0.3441
2437,40.617,0.4200
2438,40.633,0.3359
2439,40.650,0.4050
2440,40.667,0.3229
2441,40.683,0.3741
2442,40.700,0.3181
2443,40.717,0.3770
2444,40.733,0.3119
2445,40.750,0.3794
2446,40.767,0.3188
2447,40.783,0.3912
2448,40.800,0.3287
2449,40.817,0.3927
2450,40.833,0.3253
2451,40.850,0.3927
2452,40.867,0.3223
2453,40.883,0.3942
2454,40.900,0.3227
2455,40.917,0.3920
2456,40.933,0.3292
2457,40.950,0.3999
2458,40.967,0.3234
2459,40.983,0.3934
2460,41.000,0.3233
2461,41.017,0.3785
2462,41.033,0.3148
2463,41.050,0.3681
2464,41.067,0.3069
2465,41.083,0.3738
2466,41.100,0.3124
2467,41.117,0.3854
2468,41.133,0.3439
2469,41.150,0.4293
2470,41.167,0.3588
2471,41.183,0.4428
2472,41.200,0.3690
2473,41.217,0.4598
2474,41.233,0.3767
2475,41.250,0.4651
2476,41.267,0.3853
2477,41.283,0.4740
2478,41.300,0.3824
2479,41.317,0.4725
2480,41.333,0.4027
2481,41.350,0.4958
2482,41.367,0.4080
2483,41.383,0.4954
2484,41.400,0.4095
2485,41.417,0.5151
2486,41.433,0.4330
2487,41.450,0.5312
2488,41.467,0.4407
2489,41.483,0.5456
2490,41.500,0.4451
2491,41.517,0.5336
2492,41.533,0.4376
2493,41.550,0.5413
2494,41.567,0.4309
2495,41.583,0.5194
2496,41.600,0.4248
2497,41.617,0.5292
2498,41.633,0.3997
2499,41.650,0.4755
2500,41.667,0.3679
2501,41.683,0.4501
2502,41.700,0.3678
2503,41.717,0.4499
2504,41.733,0.3732
2505,41.750,0.4588
2506,41.767,0.3703
2507,41.783,0.4313
2508,41.800,0.3568
2509,41.817,0.4333
2510,41.833,0.3559
2511,41.850,0.4261
2512,41.867,0.3558
2513,41.883,0.4894
2514,41.900,0.4297
2515,41.917,0.5408
2516,41.933,0.4523
2517,41.950,0.5658
2518,41.967,0.4739
2519,41.983,0.5838
2520,42.000,0.4836
2521,42.017,0.6090
2522,42.033,0.5004
2523,42.050,0.6215
2524,42.067,0.5105
2525,42.083,0.6374
2526,42.100,0.5202
2527,42.117,0.6383
2528,42.133,0.5162
2529,42.150,0.6249
2530,42.167,0.5075
2531,42.183,0.6191
2532,42.200,0.5155
2533,42.217,0.6872
2534,42.233,0.5558
2535,42.250,0.7318
2536,42.267,0.6174
2537,42.283,0.8518
2538,42.300,0.6875
2539,42.317,0.8416
2540,42.333,0.6909
2541,42.350,1.0476
2542,42.367,0.7403
2543,42.383,0.8679
2544,42.400,0.7387
2545,42.417,1.8055
2546,42.433,0.7591
2547,42.450,0.9016
2548,42.467,0.6942
2549,42.483,1.5686
2550,42.500,0.9086
2551,42.517,1.2926
2552,42.533,0.8036
2553,42.550,1.3810
2554,42.567,1.0685
2555,42.583,2.6159
2556,42.600,0.9815
2557,42.617,1.0987
2558,42.633,0.9896
2559,42.650,1.3313
2560,42.667,0.8974
2561,42.683,2.6272
2562,42.700,0.9220
2563,42.717,1.7029
2564,42.733,0.8692
2565,42.750,1.1568
2566,42.767,0.8522
2567,42.783,1.1811
2568,42.800,0.8412
2569,42.817,1.4797
2570,42.833,0.8914
2571,42.850,2.3552
2572,42.867,0.8876
2573,42.883,1.4428
2574,42.900,0.8370
2575,42.917,1.1609
2576,42.933,0.8158
2577,42.950,1.5050
2578,42.967,0.9516
2579,42.983,1.3889
2580,43.000,0.8459
2581,43.017,1.6702
2582,43.033,0.8909
2583,43.050,1.1652
2584,43.067,0.7804
2585,43.083,1.0558
2586,43.100,0.7371
2587,43.117,1.2148
2588,43.133,0.6022
2589,43.150,0.8322
2590,43.167,0.6038
2591,43.183,0.6197
2592,43.200,1.6168
2593,43.217,0.6699
2594,43.233,0.6633
2595,43.250,0.6259
2596,43.267,0.6935
2597,43.283,0.7400
2598,43.300,0.7372
2599,43.317,0.7965
2600,43.333,0.4870
2601,43.350,0.4688
2602,43.367,1.9607
2603,43.383,1.9729
2604,43.400,9.1226
2605,43.417,6.1429
2606,43.433,4.2011
2607,43.450,2.3473
2608,43.467,2.4710
2609,43.483,5.3124
2610,43.500,3.0427
2611,43.517,3.7592
2612,43.533,4.4386
2613,43.550,3.1712
2614,43.567,3.9700
2615,43.583,0.2459
2616,43.600,0.0520
2617,43.617,0.0400
2618,43.633,0.0480
2619,43.650,0.0384
2620,43.667,0.0406
2621,43.683,0.0332
2622,43.700,0.0354
2623,43.717,0.0266
2624,43.733,0.0304
2625,43.750,0.0345
2626,43.767,0.0298
2627,43.783,0.0331
2628,43.800,0.0370
2629,43.817,0.0334
2630,43.833,0.0375
2631,43.850,0.0316
2632,43.867,0.0311
2633,43.883,0.0341
2634,43.900,0.0394
2635,43.917,0.0409
2636,43.933,0.0474
2637,43.950,0.0880
2638,43.967,0.0696
2639,43.983,0.0764
2640,44.000,0.0817
2641,44.017,0.0866
2642,44.033,0.0354
2643,44.050,0.0898
2644,44.067,0.0930
2645,44.083,0.0961
2646,44.100,0.0986
2647,44.117,0.0689
2648,44.133,0.1041
2649,44.150,0.0422
2650,44.167,0.1088
2651,44.183,0.0734
2652,44.200,0.1133
2653,44.217,0.0456
2654,44.233,0.1176
2655,44.250,0.0788
2656,44.267,0.0472
2657,44.283,0.0807
2658,44.300,0.0477
2659,44.317,0.0807
2660,44.333,0.1231
2661,44.350,0.0469
2662,44.367,0.0032
2663,44.383,0.0807
2664,44.400,0.0472
2665,44.417,0.0803
2666,44.433,0.0469
2667,44.450,0.0027
2668,44.467,0.0792
2669,44.483,0.0467
2670,44.500,0.0029
2671,44.517,0.0793
2672,44.533,0.0026
2673,44.550,0.0462
2674,44.567,0.0025
2675,44.583,0.0027
2676,44.600,0.0788
2677,44.617,0.0023
2678,44.633,0.0031
2679,44.650,0.0024
2680,44.667,0.0031
2681,44.683,0.0026
2682,44.700,0.0023
2683,44.717,0.0021
2684,44.733,0.0022
2685,44.750,0.0025
2686,44.767,0.0027
2687,44.783,0.0029
2688,44.800,0.0029
2689,44.817,0.0026
2690,44.833,0.0028
2691,44.850,0.0024
2692,44.867,0.0027
2693,44.883,0.0024
2694,44.900,0.0025
2695,44.917,0.0018
2696,44.933,0.0071
2697,44.950,0.0022
2698,44.967,0.0020
2699,44.983,0.0026
2700,45.000,0.0028
2701,45.017,0.0027
2702,45.033,0.0026
2703,45.050,0.0017
2704,45.067,0.0026
2705,45.083,0.0020
2706,45.100,0.0028
2707,45.117,0.0028
2708,45.133,0.0023
2709,45.150,0.0021
2710,45.167,0.0025
2711,45.183,0.0030
2712,45.200,0.0023
2713,45.217,0.0029
2714,45.233,0.0031
2715,45.250,0.0028
2716,45.267,0.0020
2717,45.283,0.0026
2718,45.300,0.0014
2719,45.317,0.0027
2720,45.333,0.0026
2721,45.350,0.0031
2722,45.367,0.0032
2723,45.383,0.0030
2724,45.400,0.0022
2725,45.417,0.0032
2726,45.433,0.0021
2727,45.450,0.0031
2728,45.467,0.0020
2729,45.483,0.0024
2730,45.500,0.0027
2731,45.517,0.0025
2732,45.533,0.0020
2733,45.550,0.0024
2734,45.567,0.0028
2735,45.583,0.0022
2736,45.600,0.0023
2737,45.617,0.0027
2738,45.633,0.0020
2739,45.650,0.0021
2740,45.667,0.0023
2741,45.683,0.0025
2742,45.700,0.0030
2743,45.717,0.0022
2744,45.733,0.0028
2745,45.750,0.0022
2746,45.767,0.0023
2747,45.783,0.0028
2748,45.800,0.0029
2749,45.817,0.0029
2750,45.833,0.0022
2751,45.850,0.0034
2752,45.867,0.0025
2753,45.883,0.0035
2754,45.900,0.0029
2755,45.917,0.0026
2756,45.933,0.0028
2757,45.950,0.0022
2758,45.967,0.0026
2759,45.983,0.0025
2760,46.000,0.0032
2761,46.017,0.0029
2762,46.033,0.0028
2763,46.050,0.0026
2764,46.067,0.0016
2765,46.083,0.0023
2766,46.100,0.0028
2767,46.117,0.0019
2768,46.133,0.0025
2769,46.150,0.0016
